{
"__comment": "Designed by Sphax with Cubik for PureBDcraft - http://bdcraft.net",
"textures": {
    "particle": "blocks/bed_feet_end",
    "top": "blocks/bed_feet_top",
    "end": "blocks/bed_feet_end",
    "side": "blocks/bed_feet_side",
    "bottom": "blocks/planks_spruce"
},
"elements": [ 
{
    "from": [ 0.5, 3, 0 ],
    "to": [ 15.5, 9, 16 ],
    "faces": {
        "up":    { "uv": [ 0.5, 0, 15.5, 16 ], "texture": "#top" },
        "north": { "uv": [ 15.5, 7, 0.5, 13 ], "texture": "#end" },
        "west":  { "uv": [ 0, 7, 16, 13 ], "texture": "#side" },
        "east":  { "uv": [ 16, 7, 0, 13 ], "texture": "#side" }
    }
},
{
    "from": [ 0, 2.25, 0 ],
    "to": [ 16, 3, 16 ],
    "faces": {
        "down":  { "uv": [ 0, 16, 16, 0 ], "texture": "#bottom" },
        "up":    { "uv": [ 0, 0, 16, 16 ], "texture": "#bottom" },
        "north": { "uv": [ 16, 13, 0, 13.75 ], "texture": "#end" },
        "west":  { "uv": [ 0, 13, 16, 13.75 ], "texture": "#side" },
        "east":  { "uv": [ 16, 13, 0, 13.75 ], "texture": "#side" }
    }
},
{
    "from": [ 0.5, 0, 0.5 ],
    "to": [ 15.5, 2.25, 5.5 ],
    "faces": {
        "north": { "uv": [ 16, 13.75, 0, 16 ], "texture": "#end" },
        "west":  { "uv": [ 0, 13.75, 5, 16 ], "texture": "#side" },
        "east":  { "uv": [ 5, 13.75, 0, 16 ], "texture": "#side" }
    }
},
{
    "from": [ 0.5, 0, 0.5 ],
    "to": [ 2.5, 2.25, 2.5 ],
    "faces": {
        "down":  { "uv": [ 0, 16, 2, 15.75 ], "texture": "#side" },
        "south": { "uv": [ 0, 14, 2, 16 ], "texture": "#side" },
        "east":  { "uv": [ 2, 14, 0, 16 ], "texture": "#side" }
    }
},
{
    "from": [ 13.5, 0, 0.5 ],
    "to": [ 15.5, 2.25, 2.5 ],
    "faces": {
        "down":  { "uv": [ 0, 16, 2, 15.75 ], "texture": "#side" },
        "south": { "uv": [ 0, 14, 2, 16 ], "texture": "#side" },
        "west":  { "uv": [ 0, 14, 2, 16 ], "texture": "#side" }
    }
}
]
}